text,class
Local team wins the championship!,sports
Stock market reaches all-time highs.,finance
Politician announces new policy.,political
City council approves new park.,local
International conference held in Paris.,international
Player breaks all-time scoring record!,sports
Tech company's stocks surge after new product launch.,finance
Election results cause political turmoil.,political
Local school wins national award.,local
UN passes new international regulation.,international
Championship game ends in thrilling overtime victory!,sports
Investors optimistic about the financial quarter.,finance
New political party gains momentum.,political
Local farmers market opens this weekend.,local
International treaty signed by 190 countries.,international
Athlete sets new world record!,sports
Cryptocurrency shows significant growth.,finance
Political leader meets with foreign dignitary.,political
Local museum hosts renowned art exhibit.,local
International summit focuses on climate change.,international
Team secures playoff spot with dramatic win!,sports
Bank announces positive earnings report.,finance
Political debate stirs controversy.,political
Local charity event raises thousands.,local
International leaders discuss trade agreements.,international
Star player suffers season-ending injury.,sports
New investment fund launched by finance firm.,finance
Government proposes political reform bill.,political
Local library hosts book fair.,local
International scientists collaborate on research.,international
Coach praises team's effort in recent victory!,sports
Markets react to Federal Reserve's decision.,finance
Political rally draws large crowds.,political
New local restaurant receives rave reviews.,local
Diplomats meet for international peace talks.,international
Champion reflects on career in exclusive interview.,sports
Economic experts predict steady growth.,finance
Political scandal rocks the administration.,political
Local police department introduces new initiative.,local
International health organization issues warning.,international
